Index,Company,VoucherNo,Amount,TaxRate,Date
1,Bluecrest Retail Outlets,VoucherNo_val_1,Amount_val_1,TaxRate_val_1,Date_val_1
2,Bluecrest Retail Outlets,VoucherNo_val_2,Amount_val_2,TaxRate_val_2,Date_val_2
3,Bluecrest Retail Outlets,VoucherNo_val_3,Amount_val_3,TaxRate_val_3,Date_val_3
4,Bluecrest Retail Outlets,VoucherNo_val_4,Amount_val_4,TaxRate_val_4,Date_val_4
5,Bluecrest Retail Outlets,VoucherNo_val_5,Amount_val_5,TaxRate_val_5,Date_val_5
6,Bluecrest Retail Outlets,VoucherNo_val_6,Amount_val_6,TaxRate_val_6,Date_val_6
7,Bluecrest Retail Outlets,VoucherNo_val_7,Amount_val_7,TaxRate_val_7,Date_val_7
8,Bluecrest Retail Outlets,VoucherNo_val_8,Amount_val_8,TaxRate_val_8,Date_val_8
9,Bluecrest Retail Outlets,VoucherNo_val_9,Amount_val_9,TaxRate_val_9,Date_val_9
10,Bluecrest Retail Outlets,VoucherNo_val_10,Amount_val_10,TaxRate_val_10,Date_val_10
11,Bluecrest Retail Outlets,VoucherNo_val_11,Amount_val_11,TaxRate_val_11,Date_val_11
12,Bluecrest Retail Outlets,VoucherNo_val_12,Amount_val_12,TaxRate_val_12,Date_val_12
13,Bluecrest Retail Outlets,VoucherNo_val_13,Amount_val_13,TaxRate_val_13,Date_val_13
14,Bluecrest Retail Outlets,VoucherNo_val_14,Amount_val_14,TaxRate_val_14,Date_val_14
15,Bluecrest Retail Outlets,VoucherNo_val_15,Amount_val_15,TaxRate_val_15,Date_val_15
16,Bluecrest Retail Outlets,VoucherNo_val_16,Amount_val_16,TaxRate_val_16,Date_val_16
17,Bluecrest Retail Outlets,VoucherNo_val_17,Amount_val_17,TaxRate_val_17,Date_val_17
18,Bluecrest Retail Outlets,VoucherNo_val_18,Amount_val_18,TaxRate_val_18,Date_val_18
19,Bluecrest Retail Outlets,VoucherNo_val_19,Amount_val_19,TaxRate_val_19,Date_val_19
20,Bluecrest Retail Outlets,VoucherNo_val_20,Amount_val_20,TaxRate_val_20,Date_val_20
21,Bluecrest Retail Outlets,VoucherNo_val_21,Amount_val_21,TaxRate_val_21,Date_val_21
22,Bluecrest Retail Outlets,VoucherNo_val_22,Amount_val_22,TaxRate_val_22,Date_val_22
23,Bluecrest Retail Outlets,VoucherNo_val_23,Amount_val_23,TaxRate_val_23,Date_val_23
24,Bluecrest Retail Outlets,VoucherNo_val_24,Amount_val_24,TaxRate_val_24,Date_val_24
25,Bluecrest Retail Outlets,VoucherNo_val_25,Amount_val_25,TaxRate_val_25,Date_val_25
26,Bluecrest Retail Outlets,VoucherNo_val_26,Amount_val_26,TaxRate_val_26,Date_val_26
27,Bluecrest Retail Outlets,VoucherNo_val_27,Amount_val_27,TaxRate_val_27,Date_val_27
28,Bluecrest Retail Outlets,VoucherNo_val_28,Amount_val_28,TaxRate_val_28,Date_val_28
29,Bluecrest Retail Outlets,VoucherNo_val_29,Amount_val_29,TaxRate_val_29,Date_val_29
30,Bluecrest Retail Outlets,VoucherNo_val_30,Amount_val_30,TaxRate_val_30,Date_val_30
31,Bluecrest Retail Outlets,VoucherNo_val_31,Amount_val_31,TaxRate_val_31,Date_val_31
32,Bluecrest Retail Outlets,VoucherNo_val_32,Amount_val_32,TaxRate_val_32,Date_val_32
33,Bluecrest Retail Outlets,VoucherNo_val_33,Amount_val_33,TaxRate_val_33,Date_val_33
34,Bluecrest Retail Outlets,VoucherNo_val_34,Amount_val_34,TaxRate_val_34,Date_val_34
35,Bluecrest Retail Outlets,VoucherNo_val_35,Amount_val_35,TaxRate_val_35,Date_val_35
36,Bluecrest Retail Outlets,VoucherNo_val_36,Amount_val_36,TaxRate_val_36,Date_val_36
37,Bluecrest Retail Outlets,VoucherNo_val_37,Amount_val_37,TaxRate_val_37,Date_val_37
38,Bluecrest Retail Outlets,VoucherNo_val_38,Amount_val_38,TaxRate_val_38,Date_val_38
39,Bluecrest Retail Outlets,VoucherNo_val_39,Amount_val_39,TaxRate_val_39,Date_val_39
40,Bluecrest Retail Outlets,VoucherNo_val_40,Amount_val_40,TaxRate_val_40,Date_val_40
41,Bluecrest Retail Outlets,VoucherNo_val_41,Amount_val_41,TaxRate_val_41,Date_val_41
42,Bluecrest Retail Outlets,VoucherNo_val_42,Amount_val_42,TaxRate_val_42,Date_val_42
43,Bluecrest Retail Outlets,VoucherNo_val_43,Amount_val_43,TaxRate_val_43,Date_val_43
44,Bluecrest Retail Outlets,VoucherNo_val_44,Amount_val_44,TaxRate_val_44,Date_val_44
45,Bluecrest Retail Outlets,VoucherNo_val_45,Amount_val_45,TaxRate_val_45,Date_val_45
46,Bluecrest Retail Outlets,VoucherNo_val_46,Amount_val_46,TaxRate_val_46,Date_val_46
47,Bluecrest Retail Outlets,VoucherNo_val_47,Amount_val_47,TaxRate_val_47,Date_val_47
48,Bluecrest Retail Outlets,VoucherNo_val_48,Amount_val_48,TaxRate_val_48,Date_val_48
49,Bluecrest Retail Outlets,VoucherNo_val_49,Amount_val_49,TaxRate_val_49,Date_val_49
50,Bluecrest Retail Outlets,VoucherNo_val_50,Amount_val_50,TaxRate_val_50,Date_val_50
51,Bluecrest Retail Outlets,VoucherNo_val_51,Amount_val_51,TaxRate_val_51,Date_val_51
52,Bluecrest Retail Outlets,VoucherNo_val_52,Amount_val_52,TaxRate_val_52,Date_val_52
53,Bluecrest Retail Outlets,VoucherNo_val_53,Amount_val_53,TaxRate_val_53,Date_val_53
54,Bluecrest Retail Outlets,VoucherNo_val_54,Amount_val_54,TaxRate_val_54,Date_val_54
55,Bluecrest Retail Outlets,VoucherNo_val_55,Amount_val_55,TaxRate_val_55,Date_val_55
56,Bluecrest Retail Outlets,VoucherNo_val_56,Amount_val_56,TaxRate_val_56,Date_val_56
57,Bluecrest Retail Outlets,VoucherNo_val_57,Amount_val_57,TaxRate_val_57,Date_val_57
58,Bluecrest Retail Outlets,VoucherNo_val_58,Amount_val_58,TaxRate_val_58,Date_val_58
59,Bluecrest Retail Outlets,VoucherNo_val_59,Amount_val_59,TaxRate_val_59,Date_val_59
60,Bluecrest Retail Outlets,VoucherNo_val_60,Amount_val_60,TaxRate_val_60,Date_val_60
61,Bluecrest Retail Outlets,VoucherNo_val_61,Amount_val_61,TaxRate_val_61,Date_val_61
62,Bluecrest Retail Outlets,VoucherNo_val_62,Amount_val_62,TaxRate_val_62,Date_val_62
63,Bluecrest Retail Outlets,VoucherNo_val_63,Amount_val_63,TaxRate_val_63,Date_val_63
64,Bluecrest Retail Outlets,VoucherNo_val_64,Amount_val_64,TaxRate_val_64,Date_val_64
65,Bluecrest Retail Outlets,VoucherNo_val_65,Amount_val_65,TaxRate_val_65,Date_val_65
66,Bluecrest Retail Outlets,VoucherNo_val_66,Amount_val_66,TaxRate_val_66,Date_val_66
67,Bluecrest Retail Outlets,VoucherNo_val_67,Amount_val_67,TaxRate_val_67,Date_val_67
68,Bluecrest Retail Outlets,VoucherNo_val_68,Amount_val_68,TaxRate_val_68,Date_val_68
69,Bluecrest Retail Outlets,VoucherNo_val_69,Amount_val_69,TaxRate_val_69,Date_val_69
70,Bluecrest Retail Outlets,VoucherNo_val_70,Amount_val_70,TaxRate_val_70,Date_val_70
71,Bluecrest Retail Outlets,VoucherNo_val_71,Amount_val_71,TaxRate_val_71,Date_val_71
72,Bluecrest Retail Outlets,VoucherNo_val_72,Amount_val_72,TaxRate_val_72,Date_val_72
73,Bluecrest Retail Outlets,VoucherNo_val_73,Amount_val_73,TaxRate_val_73,Date_val_73
74,Bluecrest Retail Outlets,VoucherNo_val_74,Amount_val_74,TaxRate_val_74,Date_val_74
75,Bluecrest Retail Outlets,VoucherNo_val_75,Amount_val_75,TaxRate_val_75,Date_val_75
76,Bluecrest Retail Outlets,VoucherNo_val_76,Amount_val_76,TaxRate_val_76,Date_val_76
77,Bluecrest Retail Outlets,VoucherNo_val_77,Amount_val_77,TaxRate_val_77,Date_val_77
78,Bluecrest Retail Outlets,VoucherNo_val_78,Amount_val_78,TaxRate_val_78,Date_val_78
79,Bluecrest Retail Outlets,VoucherNo_val_79,Amount_val_79,TaxRate_val_79,Date_val_79
80,Bluecrest Retail Outlets,VoucherNo_val_80,Amount_val_80,TaxRate_val_80,Date_val_80
81,Bluecrest Retail Outlets,VoucherNo_val_81,Amount_val_81,TaxRate_val_81,Date_val_81
82,Bluecrest Retail Outlets,VoucherNo_val_82,Amount_val_82,TaxRate_val_82,Date_val_82
83,Bluecrest Retail Outlets,VoucherNo_val_83,Amount_val_83,TaxRate_val_83,Date_val_83
84,Bluecrest Retail Outlets,VoucherNo_val_84,Amount_val_84,TaxRate_val_84,Date_val_84
85,Bluecrest Retail Outlets,VoucherNo_val_85,Amount_val_85,TaxRate_val_85,Date_val_85
86,Bluecrest Retail Outlets,VoucherNo_val_86,Amount_val_86,TaxRate_val_86,Date_val_86
87,Bluecrest Retail Outlets,VoucherNo_val_87,Amount_val_87,TaxRate_val_87,Date_val_87
88,Bluecrest Retail Outlets,VoucherNo_val_88,Amount_val_88,TaxRate_val_88,Date_val_88
89,Bluecrest Retail Outlets,VoucherNo_val_89,Amount_val_89,TaxRate_val_89,Date_val_89
90,Bluecrest Retail Outlets,VoucherNo_val_90,Amount_val_90,TaxRate_val_90,Date_val_90
91,Bluecrest Retail Outlets,VoucherNo_val_91,Amount_val_91,TaxRate_val_91,Date_val_91
92,Bluecrest Retail Outlets,VoucherNo_val_92,Amount_val_92,TaxRate_val_92,Date_val_92
93,Bluecrest Retail Outlets,VoucherNo_val_93,Amount_val_93,TaxRate_val_93,Date_val_93
94,Bluecrest Retail Outlets,VoucherNo_val_94,Amount_val_94,TaxRate_val_94,Date_val_94
95,Bluecrest Retail Outlets,VoucherNo_val_95,Amount_val_95,TaxRate_val_95,Date_val_95
96,Bluecrest Retail Outlets,VoucherNo_val_96,Amount_val_96,TaxRate_val_96,Date_val_96
97,Bluecrest Retail Outlets,VoucherNo_val_97,Amount_val_97,TaxRate_val_97,Date_val_97
98,Bluecrest Retail Outlets,VoucherNo_val_98,Amount_val_98,TaxRate_val_98,Date_val_98
99,Bluecrest Retail Outlets,VoucherNo_val_99,Amount_val_99,TaxRate_val_99,Date_val_99
100,Bluecrest Retail Outlets,VoucherNo_val_100,Amount_val_100,TaxRate_val_100,Date_val_100
101,Bluecrest Retail Outlets,VoucherNo_val_101,Amount_val_101,TaxRate_val_101,Date_val_101
102,Bluecrest Retail Outlets,VoucherNo_val_102,Amount_val_102,TaxRate_val_102,Date_val_102
103,Bluecrest Retail Outlets,VoucherNo_val_103,Amount_val_103,TaxRate_val_103,Date_val_103
104,Bluecrest Retail Outlets,VoucherNo_val_104,Amount_val_104,TaxRate_val_104,Date_val_104
105,Bluecrest Retail Outlets,VoucherNo_val_105,Amount_val_105,TaxRate_val_105,Date_val_105
106,Bluecrest Retail Outlets,VoucherNo_val_106,Amount_val_106,TaxRate_val_106,Date_val_106
107,Bluecrest Retail Outlets,VoucherNo_val_107,Amount_val_107,TaxRate_val_107,Date_val_107
108,Bluecrest Retail Outlets,VoucherNo_val_108,Amount_val_108,TaxRate_val_108,Date_val_108
109,Bluecrest Retail Outlets,VoucherNo_val_109,Amount_val_109,TaxRate_val_109,Date_val_109
110,Bluecrest Retail Outlets,VoucherNo_val_110,Amount_val_110,TaxRate_val_110,Date_val_110
111,Bluecrest Retail Outlets,VoucherNo_val_111,Amount_val_111,TaxRate_val_111,Date_val_111
112,Bluecrest Retail Outlets,VoucherNo_val_112,Amount_val_112,TaxRate_val_112,Date_val_112
113,Bluecrest Retail Outlets,VoucherNo_val_113,Amount_val_113,TaxRate_val_113,Date_val_113
114,Bluecrest Retail Outlets,VoucherNo_val_114,Amount_val_114,TaxRate_val_114,Date_val_114
115,Bluecrest Retail Outlets,VoucherNo_val_115,Amount_val_115,TaxRate_val_115,Date_val_115
116,Bluecrest Retail Outlets,VoucherNo_val_116,Amount_val_116,TaxRate_val_116,Date_val_116
117,Bluecrest Retail Outlets,VoucherNo_val_117,Amount_val_117,TaxRate_val_117,Date_val_117
118,Bluecrest Retail Outlets,VoucherNo_val_118,Amount_val_118,TaxRate_val_118,Date_val_118
119,Bluecrest Retail Outlets,VoucherNo_val_119,Amount_val_119,TaxRate_val_119,Date_val_119
120,Bluecrest Retail Outlets,VoucherNo_val_120,Amount_val_120,TaxRate_val_120,Date_val_120
121,Bluecrest Retail Outlets,VoucherNo_val_121,Amount_val_121,TaxRate_val_121,Date_val_121
122,Bluecrest Retail Outlets,VoucherNo_val_122,Amount_val_122,TaxRate_val_122,Date_val_122
123,Bluecrest Retail Outlets,VoucherNo_val_123,Amount_val_123,TaxRate_val_123,Date_val_123
124,Bluecrest Retail Outlets,VoucherNo_val_124,Amount_val_124,TaxRate_val_124,Date_val_124
125,Bluecrest Retail Outlets,VoucherNo_val_125,Amount_val_125,TaxRate_val_125,Date_val_125
126,Bluecrest Retail Outlets,VoucherNo_val_126,Amount_val_126,TaxRate_val_126,Date_val_126
127,Bluecrest Retail Outlets,VoucherNo_val_127,Amount_val_127,TaxRate_val_127,Date_val_127
128,Bluecrest Retail Outlets,VoucherNo_val_128,Amount_val_128,TaxRate_val_128,Date_val_128
129,Bluecrest Retail Outlets,VoucherNo_val_129,Amount_val_129,TaxRate_val_129,Date_val_129
130,Bluecrest Retail Outlets,VoucherNo_val_130,Amount_val_130,TaxRate_val_130,Date_val_130
131,Bluecrest Retail Outlets,VoucherNo_val_131,Amount_val_131,TaxRate_val_131,Date_val_131
132,Bluecrest Retail Outlets,VoucherNo_val_132,Amount_val_132,TaxRate_val_132,Date_val_132
133,Bluecrest Retail Outlets,VoucherNo_val_133,Amount_val_133,TaxRate_val_133,Date_val_133
134,Bluecrest Retail Outlets,VoucherNo_val_134,Amount_val_134,TaxRate_val_134,Date_val_134
135,Bluecrest Retail Outlets,VoucherNo_val_135,Amount_val_135,TaxRate_val_135,Date_val_135
136,Bluecrest Retail Outlets,VoucherNo_val_136,Amount_val_136,TaxRate_val_136,Date_val_136
137,Bluecrest Retail Outlets,VoucherNo_val_137,Amount_val_137,TaxRate_val_137,Date_val_137
138,Bluecrest Retail Outlets,VoucherNo_val_138,Amount_val_138,TaxRate_val_138,Date_val_138
139,Bluecrest Retail Outlets,VoucherNo_val_139,Amount_val_139,TaxRate_val_139,Date_val_139
140,Bluecrest Retail Outlets,VoucherNo_val_140,Amount_val_140,TaxRate_val_140,Date_val_140
141,Bluecrest Retail Outlets,VoucherNo_val_141,Amount_val_141,TaxRate_val_141,Date_val_141
142,Bluecrest Retail Outlets,VoucherNo_val_142,Amount_val_142,TaxRate_val_142,Date_val_142
143,Bluecrest Retail Outlets,VoucherNo_val_143,Amount_val_143,TaxRate_val_143,Date_val_143
144,Bluecrest Retail Outlets,VoucherNo_val_144,Amount_val_144,TaxRate_val_144,Date_val_144
145,Bluecrest Retail Outlets,VoucherNo_val_145,Amount_val_145,TaxRate_val_145,Date_val_145
146,Bluecrest Retail Outlets,VoucherNo_val_146,Amount_val_146,TaxRate_val_146,Date_val_146
147,Bluecrest Retail Outlets,VoucherNo_val_147,Amount_val_147,TaxRate_val_147,Date_val_147
148,Bluecrest Retail Outlets,VoucherNo_val_148,Amount_val_148,TaxRate_val_148,Date_val_148
149,Bluecrest Retail Outlets,VoucherNo_val_149,Amount_val_149,TaxRate_val_149,Date_val_149
150,Bluecrest Retail Outlets,VoucherNo_val_150,Amount_val_150,TaxRate_val_150,Date_val_150
151,Bluecrest Retail Outlets,VoucherNo_val_151,Amount_val_151,TaxRate_val_151,Date_val_151
152,Bluecrest Retail Outlets,VoucherNo_val_152,Amount_val_152,TaxRate_val_152,Date_val_152
153,Bluecrest Retail Outlets,VoucherNo_val_153,Amount_val_153,TaxRate_val_153,Date_val_153
154,Bluecrest Retail Outlets,VoucherNo_val_154,Amount_val_154,TaxRate_val_154,Date_val_154
155,Bluecrest Retail Outlets,VoucherNo_val_155,Amount_val_155,TaxRate_val_155,Date_val_155
156,Bluecrest Retail Outlets,VoucherNo_val_156,Amount_val_156,TaxRate_val_156,Date_val_156
157,Bluecrest Retail Outlets,VoucherNo_val_157,Amount_val_157,TaxRate_val_157,Date_val_157
158,Bluecrest Retail Outlets,VoucherNo_val_158,Amount_val_158,TaxRate_val_158,Date_val_158
159,Bluecrest Retail Outlets,VoucherNo_val_159,Amount_val_159,TaxRate_val_159,Date_val_159
160,Bluecrest Retail Outlets,VoucherNo_val_160,Amount_val_160,TaxRate_val_160,Date_val_160
161,Bluecrest Retail Outlets,VoucherNo_val_161,Amount_val_161,TaxRate_val_161,Date_val_161
162,Bluecrest Retail Outlets,VoucherNo_val_162,Amount_val_162,TaxRate_val_162,Date_val_162
163,Bluecrest Retail Outlets,VoucherNo_val_163,Amount_val_163,TaxRate_val_163,Date_val_163
164,Bluecrest Retail Outlets,VoucherNo_val_164,Amount_val_164,TaxRate_val_164,Date_val_164
165,Bluecrest Retail Outlets,VoucherNo_val_165,Amount_val_165,TaxRate_val_165,Date_val_165
166,Bluecrest Retail Outlets,VoucherNo_val_166,Amount_val_166,TaxRate_val_166,Date_val_166
167,Bluecrest Retail Outlets,VoucherNo_val_167,Amount_val_167,TaxRate_val_167,Date_val_167
168,Bluecrest Retail Outlets,VoucherNo_val_168,Amount_val_168,TaxRate_val_168,Date_val_168
169,Bluecrest Retail Outlets,VoucherNo_val_169,Amount_val_169,TaxRate_val_169,Date_val_169
170,Bluecrest Retail Outlets,VoucherNo_val_170,Amount_val_170,TaxRate_val_170,Date_val_170
171,Bluecrest Retail Outlets,VoucherNo_val_171,Amount_val_171,TaxRate_val_171,Date_val_171
172,Bluecrest Retail Outlets,VoucherNo_val_172,Amount_val_172,TaxRate_val_172,Date_val_172
173,Bluecrest Retail Outlets,VoucherNo_val_173,Amount_val_173,TaxRate_val_173,Date_val_173
174,Bluecrest Retail Outlets,VoucherNo_val_174,Amount_val_174,TaxRate_val_174,Date_val_174
175,Bluecrest Retail Outlets,VoucherNo_val_175,Amount_val_175,TaxRate_val_175,Date_val_175
176,Bluecrest Retail Outlets,VoucherNo_val_176,Amount_val_176,TaxRate_val_176,Date_val_176
177,Bluecrest Retail Outlets,VoucherNo_val_177,Amount_val_177,TaxRate_val_177,Date_val_177
178,Bluecrest Retail Outlets,VoucherNo_val_178,Amount_val_178,TaxRate_val_178,Date_val_178
179,Bluecrest Retail Outlets,VoucherNo_val_179,Amount_val_179,TaxRate_val_179,Date_val_179
180,Bluecrest Retail Outlets,VoucherNo_val_180,Amount_val_180,TaxRate_val_180,Date_val_180
181,Bluecrest Retail Outlets,VoucherNo_val_181,Amount_val_181,TaxRate_val_181,Date_val_181
182,Bluecrest Retail Outlets,VoucherNo_val_182,Amount_val_182,TaxRate_val_182,Date_val_182
183,Bluecrest Retail Outlets,VoucherNo_val_183,Amount_val_183,TaxRate_val_183,Date_val_183
184,Bluecrest Retail Outlets,VoucherNo_val_184,Amount_val_184,TaxRate_val_184,Date_val_184
185,Bluecrest Retail Outlets,VoucherNo_val_185,Amount_val_185,TaxRate_val_185,Date_val_185
186,Bluecrest Retail Outlets,VoucherNo_val_186,Amount_val_186,TaxRate_val_186,Date_val_186
187,Bluecrest Retail Outlets,VoucherNo_val_187,Amount_val_187,TaxRate_val_187,Date_val_187
188,Bluecrest Retail Outlets,VoucherNo_val_188,Amount_val_188,TaxRate_val_188,Date_val_188
189,Bluecrest Retail Outlets,VoucherNo_val_189,Amount_val_189,TaxRate_val_189,Date_val_189
190,Bluecrest Retail Outlets,VoucherNo_val_190,Amount_val_190,TaxRate_val_190,Date_val_190
191,Bluecrest Retail Outlets,VoucherNo_val_191,Amount_val_191,TaxRate_val_191,Date_val_191
192,Bluecrest Retail Outlets,VoucherNo_val_192,Amount_val_192,TaxRate_val_192,Date_val_192
193,Bluecrest Retail Outlets,VoucherNo_val_193,Amount_val_193,TaxRate_val_193,Date_val_193
194,Bluecrest Retail Outlets,VoucherNo_val_194,Amount_val_194,TaxRate_val_194,Date_val_194
195,Bluecrest Retail Outlets,VoucherNo_val_195,Amount_val_195,TaxRate_val_195,Date_val_195
196,Bluecrest Retail Outlets,VoucherNo_val_196,Amount_val_196,TaxRate_val_196,Date_val_196
197,Bluecrest Retail Outlets,VoucherNo_val_197,Amount_val_197,TaxRate_val_197,Date_val_197
198,Bluecrest Retail Outlets,VoucherNo_val_198,Amount_val_198,TaxRate_val_198,Date_val_198
199,Bluecrest Retail Outlets,VoucherNo_val_199,Amount_val_199,TaxRate_val_199,Date_val_199
200,Bluecrest Retail Outlets,VoucherNo_val_200,Amount_val_200,TaxRate_val_200,Date_val_200
201,Bluecrest Retail Outlets,VoucherNo_val_201,Amount_val_201,TaxRate_val_201,Date_val_201
202,Bluecrest Retail Outlets,VoucherNo_val_202,Amount_val_202,TaxRate_val_202,Date_val_202
203,Bluecrest Retail Outlets,VoucherNo_val_203,Amount_val_203,TaxRate_val_203,Date_val_203
204,Bluecrest Retail Outlets,VoucherNo_val_204,Amount_val_204,TaxRate_val_204,Date_val_204
205,Bluecrest Retail Outlets,VoucherNo_val_205,Amount_val_205,TaxRate_val_205,Date_val_205
206,Bluecrest Retail Outlets,VoucherNo_val_206,Amount_val_206,TaxRate_val_206,Date_val_206
207,Bluecrest Retail Outlets,VoucherNo_val_207,Amount_val_207,TaxRate_val_207,Date_val_207
208,Bluecrest Retail Outlets,VoucherNo_val_208,Amount_val_208,TaxRate_val_208,Date_val_208
209,Bluecrest Retail Outlets,VoucherNo_val_209,Amount_val_209,TaxRate_val_209,Date_val_209
210,Bluecrest Retail Outlets,VoucherNo_val_210,Amount_val_210,TaxRate_val_210,Date_val_210
211,Bluecrest Retail Outlets,VoucherNo_val_211,Amount_val_211,TaxRate_val_211,Date_val_211
212,Bluecrest Retail Outlets,VoucherNo_val_212,Amount_val_212,TaxRate_val_212,Date_val_212
213,Bluecrest Retail Outlets,VoucherNo_val_213,Amount_val_213,TaxRate_val_213,Date_val_213
214,Bluecrest Retail Outlets,VoucherNo_val_214,Amount_val_214,TaxRate_val_214,Date_val_214
215,Bluecrest Retail Outlets,VoucherNo_val_215,Amount_val_215,TaxRate_val_215,Date_val_215
216,Bluecrest Retail Outlets,VoucherNo_val_216,Amount_val_216,TaxRate_val_216,Date_val_216
217,Bluecrest Retail Outlets,VoucherNo_val_217,Amount_val_217,TaxRate_val_217,Date_val_217
218,Bluecrest Retail Outlets,VoucherNo_val_218,Amount_val_218,TaxRate_val_218,Date_val_218
219,Bluecrest Retail Outlets,VoucherNo_val_219,Amount_val_219,TaxRate_val_219,Date_val_219
220,Bluecrest Retail Outlets,VoucherNo_val_220,Amount_val_220,TaxRate_val_220,Date_val_220
221,Bluecrest Retail Outlets,VoucherNo_val_221,Amount_val_221,TaxRate_val_221,Date_val_221
222,Bluecrest Retail Outlets,VoucherNo_val_222,Amount_val_222,TaxRate_val_222,Date_val_222
223,Bluecrest Retail Outlets,VoucherNo_val_223,Amount_val_223,TaxRate_val_223,Date_val_223
224,Bluecrest Retail Outlets,VoucherNo_val_224,Amount_val_224,TaxRate_val_224,Date_val_224
225,Bluecrest Retail Outlets,VoucherNo_val_225,Amount_val_225,TaxRate_val_225,Date_val_225
226,Bluecrest Retail Outlets,VoucherNo_val_226,Amount_val_226,TaxRate_val_226,Date_val_226
227,Bluecrest Retail Outlets,VoucherNo_val_227,Amount_val_227,TaxRate_val_227,Date_val_227
228,Bluecrest Retail Outlets,VoucherNo_val_228,Amount_val_228,TaxRate_val_228,Date_val_228
229,Bluecrest Retail Outlets,VoucherNo_val_229,Amount_val_229,TaxRate_val_229,Date_val_229
230,Bluecrest Retail Outlets,VoucherNo_val_230,Amount_val_230,TaxRate_val_230,Date_val_230
231,Bluecrest Retail Outlets,VoucherNo_val_231,Amount_val_231,TaxRate_val_231,Date_val_231
232,Bluecrest Retail Outlets,VoucherNo_val_232,Amount_val_232,TaxRate_val_232,Date_val_232
233,Bluecrest Retail Outlets,VoucherNo_val_233,Amount_val_233,TaxRate_val_233,Date_val_233
234,Bluecrest Retail Outlets,VoucherNo_val_234,Amount_val_234,TaxRate_val_234,Date_val_234
235,Bluecrest Retail Outlets,VoucherNo_val_235,Amount_val_235,TaxRate_val_235,Date_val_235
236,Bluecrest Retail Outlets,VoucherNo_val_236,Amount_val_236,TaxRate_val_236,Date_val_236
237,Bluecrest Retail Outlets,VoucherNo_val_237,Amount_val_237,TaxRate_val_237,Date_val_237
238,Bluecrest Retail Outlets,VoucherNo_val_238,Amount_val_238,TaxRate_val_238,Date_val_238
239,Bluecrest Retail Outlets,VoucherNo_val_239,Amount_val_239,TaxRate_val_239,Date_val_239
240,Bluecrest Retail Outlets,VoucherNo_val_240,Amount_val_240,TaxRate_val_240,Date_val_240
241,Bluecrest Retail Outlets,VoucherNo_val_241,Amount_val_241,TaxRate_val_241,Date_val_241
242,Bluecrest Retail Outlets,VoucherNo_val_242,Amount_val_242,TaxRate_val_242,Date_val_242
243,Bluecrest Retail Outlets,VoucherNo_val_243,Amount_val_243,TaxRate_val_243,Date_val_243
244,Bluecrest Retail Outlets,VoucherNo_val_244,Amount_val_244,TaxRate_val_244,Date_val_244
245,Bluecrest Retail Outlets,VoucherNo_val_245,Amount_val_245,TaxRate_val_245,Date_val_245
246,Bluecrest Retail Outlets,VoucherNo_val_246,Amount_val_246,TaxRate_val_246,Date_val_246
247,Bluecrest Retail Outlets,VoucherNo_val_247,Amount_val_247,TaxRate_val_247,Date_val_247
248,Bluecrest Retail Outlets,VoucherNo_val_248,Amount_val_248,TaxRate_val_248,Date_val_248
249,Bluecrest Retail Outlets,VoucherNo_val_249,Amount_val_249,TaxRate_val_249,Date_val_249
250,Bluecrest Retail Outlets,VoucherNo_val_250,Amount_val_250,TaxRate_val_250,Date_val_250
251,Bluecrest Retail Outlets,VoucherNo_val_251,Amount_val_251,TaxRate_val_251,Date_val_251
252,Bluecrest Retail Outlets,VoucherNo_val_252,Amount_val_252,TaxRate_val_252,Date_val_252
253,Bluecrest Retail Outlets,VoucherNo_val_253,Amount_val_253,TaxRate_val_253,Date_val_253
254,Bluecrest Retail Outlets,VoucherNo_val_254,Amount_val_254,TaxRate_val_254,Date_val_254
255,Bluecrest Retail Outlets,VoucherNo_val_255,Amount_val_255,TaxRate_val_255,Date_val_255
256,Bluecrest Retail Outlets,VoucherNo_val_256,Amount_val_256,TaxRate_val_256,Date_val_256
257,Bluecrest Retail Outlets,VoucherNo_val_257,Amount_val_257,TaxRate_val_257,Date_val_257
258,Bluecrest Retail Outlets,VoucherNo_val_258,Amount_val_258,TaxRate_val_258,Date_val_258
259,Bluecrest Retail Outlets,VoucherNo_val_259,Amount_val_259,TaxRate_val_259,Date_val_259
260,Bluecrest Retail Outlets,VoucherNo_val_260,Amount_val_260,TaxRate_val_260,Date_val_260
261,Bluecrest Retail Outlets,VoucherNo_val_261,Amount_val_261,TaxRate_val_261,Date_val_261
262,Bluecrest Retail Outlets,VoucherNo_val_262,Amount_val_262,TaxRate_val_262,Date_val_262
263,Bluecrest Retail Outlets,VoucherNo_val_263,Amount_val_263,TaxRate_val_263,Date_val_263
264,Bluecrest Retail Outlets,VoucherNo_val_264,Amount_val_264,TaxRate_val_264,Date_val_264
265,Bluecrest Retail Outlets,VoucherNo_val_265,Amount_val_265,TaxRate_val_265,Date_val_265
266,Bluecrest Retail Outlets,VoucherNo_val_266,Amount_val_266,TaxRate_val_266,Date_val_266
267,Bluecrest Retail Outlets,VoucherNo_val_267,Amount_val_267,TaxRate_val_267,Date_val_267
268,Bluecrest Retail Outlets,VoucherNo_val_268,Amount_val_268,TaxRate_val_268,Date_val_268
269,Bluecrest Retail Outlets,VoucherNo_val_269,Amount_val_269,TaxRate_val_269,Date_val_269
270,Bluecrest Retail Outlets,VoucherNo_val_270,Amount_val_270,TaxRate_val_270,Date_val_270
271,Bluecrest Retail Outlets,VoucherNo_val_271,Amount_val_271,TaxRate_val_271,Date_val_271
272,Bluecrest Retail Outlets,VoucherNo_val_272,Amount_val_272,TaxRate_val_272,Date_val_272
273,Bluecrest Retail Outlets,VoucherNo_val_273,Amount_val_273,TaxRate_val_273,Date_val_273
274,Bluecrest Retail Outlets,VoucherNo_val_274,Amount_val_274,TaxRate_val_274,Date_val_274
275,Bluecrest Retail Outlets,VoucherNo_val_275,Amount_val_275,TaxRate_val_275,Date_val_275
276,Bluecrest Retail Outlets,VoucherNo_val_276,Amount_val_276,TaxRate_val_276,Date_val_276
277,Bluecrest Retail Outlets,VoucherNo_val_277,Amount_val_277,TaxRate_val_277,Date_val_277
278,Bluecrest Retail Outlets,VoucherNo_val_278,Amount_val_278,TaxRate_val_278,Date_val_278
279,Bluecrest Retail Outlets,VoucherNo_val_279,Amount_val_279,TaxRate_val_279,Date_val_279
280,Bluecrest Retail Outlets,VoucherNo_val_280,Amount_val_280,TaxRate_val_280,Date_val_280
281,Bluecrest Retail Outlets,VoucherNo_val_281,Amount_val_281,TaxRate_val_281,Date_val_281
282,Bluecrest Retail Outlets,VoucherNo_val_282,Amount_val_282,TaxRate_val_282,Date_val_282
283,Bluecrest Retail Outlets,VoucherNo_val_283,Amount_val_283,TaxRate_val_283,Date_val_283
284,Bluecrest Retail Outlets,VoucherNo_val_284,Amount_val_284,TaxRate_val_284,Date_val_284
285,Bluecrest Retail Outlets,VoucherNo_val_285,Amount_val_285,TaxRate_val_285,Date_val_285
286,Bluecrest Retail Outlets,VoucherNo_val_286,Amount_val_286,TaxRate_val_286,Date_val_286
287,Bluecrest Retail Outlets,VoucherNo_val_287,Amount_val_287,TaxRate_val_287,Date_val_287
288,Bluecrest Retail Outlets,VoucherNo_val_288,Amount_val_288,TaxRate_val_288,Date_val_288
289,Bluecrest Retail Outlets,VoucherNo_val_289,Amount_val_289,TaxRate_val_289,Date_val_289
290,Bluecrest Retail Outlets,VoucherNo_val_290,Amount_val_290,TaxRate_val_290,Date_val_290
291,Bluecrest Retail Outlets,VoucherNo_val_291,Amount_val_291,TaxRate_val_291,Date_val_291
292,Bluecrest Retail Outlets,VoucherNo_val_292,Amount_val_292,TaxRate_val_292,Date_val_292
293,Bluecrest Retail Outlets,VoucherNo_val_293,Amount_val_293,TaxRate_val_293,Date_val_293
294,Bluecrest Retail Outlets,VoucherNo_val_294,Amount_val_294,TaxRate_val_294,Date_val_294
295,Bluecrest Retail Outlets,VoucherNo_val_295,Amount_val_295,TaxRate_val_295,Date_val_295
296,Bluecrest Retail Outlets,VoucherNo_val_296,Amount_val_296,TaxRate_val_296,Date_val_296
297,Bluecrest Retail Outlets,VoucherNo_val_297,Amount_val_297,TaxRate_val_297,Date_val_297
298,Bluecrest Retail Outlets,VoucherNo_val_298,Amount_val_298,TaxRate_val_298,Date_val_298
299,Bluecrest Retail Outlets,VoucherNo_val_299,Amount_val_299,TaxRate_val_299,Date_val_299
300,Bluecrest Retail Outlets,VoucherNo_val_300,Amount_val_300,TaxRate_val_300,Date_val_300
301,Bluecrest Retail Outlets,VoucherNo_val_301,Amount_val_301,TaxRate_val_301,Date_val_301
302,Bluecrest Retail Outlets,VoucherNo_val_302,Amount_val_302,TaxRate_val_302,Date_val_302
303,Bluecrest Retail Outlets,VoucherNo_val_303,Amount_val_303,TaxRate_val_303,Date_val_303
304,Bluecrest Retail Outlets,VoucherNo_val_304,Amount_val_304,TaxRate_val_304,Date_val_304
305,Bluecrest Retail Outlets,VoucherNo_val_305,Amount_val_305,TaxRate_val_305,Date_val_305
306,Bluecrest Retail Outlets,VoucherNo_val_306,Amount_val_306,TaxRate_val_306,Date_val_306
307,Bluecrest Retail Outlets,VoucherNo_val_307,Amount_val_307,TaxRate_val_307,Date_val_307
308,Bluecrest Retail Outlets,VoucherNo_val_308,Amount_val_308,TaxRate_val_308,Date_val_308
309,Bluecrest Retail Outlets,VoucherNo_val_309,Amount_val_309,TaxRate_val_309,Date_val_309
310,Bluecrest Retail Outlets,VoucherNo_val_310,Amount_val_310,TaxRate_val_310,Date_val_310
311,Bluecrest Retail Outlets,VoucherNo_val_311,Amount_val_311,TaxRate_val_311,Date_val_311
312,Bluecrest Retail Outlets,VoucherNo_val_312,Amount_val_312,TaxRate_val_312,Date_val_312
313,Bluecrest Retail Outlets,VoucherNo_val_313,Amount_val_313,TaxRate_val_313,Date_val_313
314,Bluecrest Retail Outlets,VoucherNo_val_314,Amount_val_314,TaxRate_val_314,Date_val_314
315,Bluecrest Retail Outlets,VoucherNo_val_315,Amount_val_315,TaxRate_val_315,Date_val_315
316,Bluecrest Retail Outlets,VoucherNo_val_316,Amount_val_316,TaxRate_val_316,Date_val_316
317,Bluecrest Retail Outlets,VoucherNo_val_317,Amount_val_317,TaxRate_val_317,Date_val_317
318,Bluecrest Retail Outlets,VoucherNo_val_318,Amount_val_318,TaxRate_val_318,Date_val_318
319,Bluecrest Retail Outlets,VoucherNo_val_319,Amount_val_319,TaxRate_val_319,Date_val_319
320,Bluecrest Retail Outlets,VoucherNo_val_320,Amount_val_320,TaxRate_val_320,Date_val_320
321,Bluecrest Retail Outlets,VoucherNo_val_321,Amount_val_321,TaxRate_val_321,Date_val_321
322,Bluecrest Retail Outlets,VoucherNo_val_322,Amount_val_322,TaxRate_val_322,Date_val_322
323,Bluecrest Retail Outlets,VoucherNo_val_323,Amount_val_323,TaxRate_val_323,Date_val_323
324,Bluecrest Retail Outlets,VoucherNo_val_324,Amount_val_324,TaxRate_val_324,Date_val_324
325,Bluecrest Retail Outlets,VoucherNo_val_325,Amount_val_325,TaxRate_val_325,Date_val_325
326,Bluecrest Retail Outlets,VoucherNo_val_326,Amount_val_326,TaxRate_val_326,Date_val_326
327,Bluecrest Retail Outlets,VoucherNo_val_327,Amount_val_327,TaxRate_val_327,Date_val_327
328,Bluecrest Retail Outlets,VoucherNo_val_328,Amount_val_328,TaxRate_val_328,Date_val_328
329,Bluecrest Retail Outlets,VoucherNo_val_329,Amount_val_329,TaxRate_val_329,Date_val_329
330,Bluecrest Retail Outlets,VoucherNo_val_330,Amount_val_330,TaxRate_val_330,Date_val_330
331,Bluecrest Retail Outlets,VoucherNo_val_331,Amount_val_331,TaxRate_val_331,Date_val_331
332,Bluecrest Retail Outlets,VoucherNo_val_332,Amount_val_332,TaxRate_val_332,Date_val_332
333,Bluecrest Retail Outlets,VoucherNo_val_333,Amount_val_333,TaxRate_val_333,Date_val_333
334,Bluecrest Retail Outlets,VoucherNo_val_334,Amount_val_334,TaxRate_val_334,Date_val_334
335,Bluecrest Retail Outlets,VoucherNo_val_335,Amount_val_335,TaxRate_val_335,Date_val_335
336,Bluecrest Retail Outlets,VoucherNo_val_336,Amount_val_336,TaxRate_val_336,Date_val_336
337,Bluecrest Retail Outlets,VoucherNo_val_337,Amount_val_337,TaxRate_val_337,Date_val_337
338,Bluecrest Retail Outlets,VoucherNo_val_338,Amount_val_338,TaxRate_val_338,Date_val_338
339,Bluecrest Retail Outlets,VoucherNo_val_339,Amount_val_339,TaxRate_val_339,Date_val_339
340,Bluecrest Retail Outlets,VoucherNo_val_340,Amount_val_340,TaxRate_val_340,Date_val_340
341,Bluecrest Retail Outlets,VoucherNo_val_341,Amount_val_341,TaxRate_val_341,Date_val_341
342,Bluecrest Retail Outlets,VoucherNo_val_342,Amount_val_342,TaxRate_val_342,Date_val_342
343,Bluecrest Retail Outlets,VoucherNo_val_343,Amount_val_343,TaxRate_val_343,Date_val_343
344,Bluecrest Retail Outlets,VoucherNo_val_344,Amount_val_344,TaxRate_val_344,Date_val_344
345,Bluecrest Retail Outlets,VoucherNo_val_345,Amount_val_345,TaxRate_val_345,Date_val_345
346,Bluecrest Retail Outlets,VoucherNo_val_346,Amount_val_346,TaxRate_val_346,Date_val_346
347,Bluecrest Retail Outlets,VoucherNo_val_347,Amount_val_347,TaxRate_val_347,Date_val_347
348,Bluecrest Retail Outlets,VoucherNo_val_348,Amount_val_348,TaxRate_val_348,Date_val_348
349,Bluecrest Retail Outlets,VoucherNo_val_349,Amount_val_349,TaxRate_val_349,Date_val_349
350,Bluecrest Retail Outlets,VoucherNo_val_350,Amount_val_350,TaxRate_val_350,Date_val_350
351,Bluecrest Retail Outlets,VoucherNo_val_351,Amount_val_351,TaxRate_val_351,Date_val_351
352,Bluecrest Retail Outlets,VoucherNo_val_352,Amount_val_352,TaxRate_val_352,Date_val_352
353,Bluecrest Retail Outlets,VoucherNo_val_353,Amount_val_353,TaxRate_val_353,Date_val_353
354,Bluecrest Retail Outlets,VoucherNo_val_354,Amount_val_354,TaxRate_val_354,Date_val_354
355,Bluecrest Retail Outlets,VoucherNo_val_355,Amount_val_355,TaxRate_val_355,Date_val_355
356,Bluecrest Retail Outlets,VoucherNo_val_356,Amount_val_356,TaxRate_val_356,Date_val_356
357,Bluecrest Retail Outlets,VoucherNo_val_357,Amount_val_357,TaxRate_val_357,Date_val_357
358,Bluecrest Retail Outlets,VoucherNo_val_358,Amount_val_358,TaxRate_val_358,Date_val_358
359,Bluecrest Retail Outlets,VoucherNo_val_359,Amount_val_359,TaxRate_val_359,Date_val_359
360,Bluecrest Retail Outlets,VoucherNo_val_360,Amount_val_360,TaxRate_val_360,Date_val_360
361,Bluecrest Retail Outlets,VoucherNo_val_361,Amount_val_361,TaxRate_val_361,Date_val_361
362,Bluecrest Retail Outlets,VoucherNo_val_362,Amount_val_362,TaxRate_val_362,Date_val_362
363,Bluecrest Retail Outlets,VoucherNo_val_363,Amount_val_363,TaxRate_val_363,Date_val_363
364,Bluecrest Retail Outlets,VoucherNo_val_364,Amount_val_364,TaxRate_val_364,Date_val_364
365,Bluecrest Retail Outlets,VoucherNo_val_365,Amount_val_365,TaxRate_val_365,Date_val_365
366,Bluecrest Retail Outlets,VoucherNo_val_366,Amount_val_366,TaxRate_val_366,Date_val_366
367,Bluecrest Retail Outlets,VoucherNo_val_367,Amount_val_367,TaxRate_val_367,Date_val_367
368,Bluecrest Retail Outlets,VoucherNo_val_368,Amount_val_368,TaxRate_val_368,Date_val_368
369,Bluecrest Retail Outlets,VoucherNo_val_369,Amount_val_369,TaxRate_val_369,Date_val_369
370,Bluecrest Retail Outlets,VoucherNo_val_370,Amount_val_370,TaxRate_val_370,Date_val_370
371,Bluecrest Retail Outlets,VoucherNo_val_371,Amount_val_371,TaxRate_val_371,Date_val_371
372,Bluecrest Retail Outlets,VoucherNo_val_372,Amount_val_372,TaxRate_val_372,Date_val_372
373,Bluecrest Retail Outlets,VoucherNo_val_373,Amount_val_373,TaxRate_val_373,Date_val_373
374,Bluecrest Retail Outlets,VoucherNo_val_374,Amount_val_374,TaxRate_val_374,Date_val_374
375,Bluecrest Retail Outlets,VoucherNo_val_375,Amount_val_375,TaxRate_val_375,Date_val_375
376,Bluecrest Retail Outlets,VoucherNo_val_376,Amount_val_376,TaxRate_val_376,Date_val_376
377,Bluecrest Retail Outlets,VoucherNo_val_377,Amount_val_377,TaxRate_val_377,Date_val_377
378,Bluecrest Retail Outlets,VoucherNo_val_378,Amount_val_378,TaxRate_val_378,Date_val_378
379,Bluecrest Retail Outlets,VoucherNo_val_379,Amount_val_379,TaxRate_val_379,Date_val_379
380,Bluecrest Retail Outlets,VoucherNo_val_380,Amount_val_380,TaxRate_val_380,Date_val_380
381,Bluecrest Retail Outlets,VoucherNo_val_381,Amount_val_381,TaxRate_val_381,Date_val_381
382,Bluecrest Retail Outlets,VoucherNo_val_382,Amount_val_382,TaxRate_val_382,Date_val_382
383,Bluecrest Retail Outlets,VoucherNo_val_383,Amount_val_383,TaxRate_val_383,Date_val_383
384,Bluecrest Retail Outlets,VoucherNo_val_384,Amount_val_384,TaxRate_val_384,Date_val_384
385,Bluecrest Retail Outlets,VoucherNo_val_385,Amount_val_385,TaxRate_val_385,Date_val_385
386,Bluecrest Retail Outlets,VoucherNo_val_386,Amount_val_386,TaxRate_val_386,Date_val_386
387,Bluecrest Retail Outlets,VoucherNo_val_387,Amount_val_387,TaxRate_val_387,Date_val_387
388,Bluecrest Retail Outlets,VoucherNo_val_388,Amount_val_388,TaxRate_val_388,Date_val_388
389,Bluecrest Retail Outlets,VoucherNo_val_389,Amount_val_389,TaxRate_val_389,Date_val_389
390,Bluecrest Retail Outlets,VoucherNo_val_390,Amount_val_390,TaxRate_val_390,Date_val_390
391,Bluecrest Retail Outlets,VoucherNo_val_391,Amount_val_391,TaxRate_val_391,Date_val_391
392,Bluecrest Retail Outlets,VoucherNo_val_392,Amount_val_392,TaxRate_val_392,Date_val_392
393,Bluecrest Retail Outlets,VoucherNo_val_393,Amount_val_393,TaxRate_val_393,Date_val_393
394,Bluecrest Retail Outlets,VoucherNo_val_394,Amount_val_394,TaxRate_val_394,Date_val_394
395,Bluecrest Retail Outlets,VoucherNo_val_395,Amount_val_395,TaxRate_val_395,Date_val_395
396,Bluecrest Retail Outlets,VoucherNo_val_396,Amount_val_396,TaxRate_val_396,Date_val_396
397,Bluecrest Retail Outlets,VoucherNo_val_397,Amount_val_397,TaxRate_val_397,Date_val_397
398,Bluecrest Retail Outlets,VoucherNo_val_398,Amount_val_398,TaxRate_val_398,Date_val_398
399,Bluecrest Retail Outlets,VoucherNo_val_399,Amount_val_399,TaxRate_val_399,Date_val_399
400,Bluecrest Retail Outlets,VoucherNo_val_400,Amount_val_400,TaxRate_val_400,Date_val_400
401,Bluecrest Retail Outlets,VoucherNo_val_401,Amount_val_401,TaxRate_val_401,Date_val_401
402,Bluecrest Retail Outlets,VoucherNo_val_402,Amount_val_402,TaxRate_val_402,Date_val_402
403,Bluecrest Retail Outlets,VoucherNo_val_403,Amount_val_403,TaxRate_val_403,Date_val_403
404,Bluecrest Retail Outlets,VoucherNo_val_404,Amount_val_404,TaxRate_val_404,Date_val_404
405,Bluecrest Retail Outlets,VoucherNo_val_405,Amount_val_405,TaxRate_val_405,Date_val_405
406,Bluecrest Retail Outlets,VoucherNo_val_406,Amount_val_406,TaxRate_val_406,Date_val_406
407,Bluecrest Retail Outlets,VoucherNo_val_407,Amount_val_407,TaxRate_val_407,Date_val_407
408,Bluecrest Retail Outlets,VoucherNo_val_408,Amount_val_408,TaxRate_val_408,Date_val_408
409,Bluecrest Retail Outlets,VoucherNo_val_409,Amount_val_409,TaxRate_val_409,Date_val_409
410,Bluecrest Retail Outlets,VoucherNo_val_410,Amount_val_410,TaxRate_val_410,Date_val_410
411,Bluecrest Retail Outlets,VoucherNo_val_411,Amount_val_411,TaxRate_val_411,Date_val_411
412,Bluecrest Retail Outlets,VoucherNo_val_412,Amount_val_412,TaxRate_val_412,Date_val_412
413,Bluecrest Retail Outlets,VoucherNo_val_413,Amount_val_413,TaxRate_val_413,Date_val_413
414,Bluecrest Retail Outlets,VoucherNo_val_414,Amount_val_414,TaxRate_val_414,Date_val_414
415,Bluecrest Retail Outlets,VoucherNo_val_415,Amount_val_415,TaxRate_val_415,Date_val_415
416,Bluecrest Retail Outlets,VoucherNo_val_416,Amount_val_416,TaxRate_val_416,Date_val_416
417,Bluecrest Retail Outlets,VoucherNo_val_417,Amount_val_417,TaxRate_val_417,Date_val_417
418,Bluecrest Retail Outlets,VoucherNo_val_418,Amount_val_418,TaxRate_val_418,Date_val_418
419,Bluecrest Retail Outlets,VoucherNo_val_419,Amount_val_419,TaxRate_val_419,Date_val_419
420,Bluecrest Retail Outlets,VoucherNo_val_420,Amount_val_420,TaxRate_val_420,Date_val_420
421,Bluecrest Retail Outlets,VoucherNo_val_421,Amount_val_421,TaxRate_val_421,Date_val_421
422,Bluecrest Retail Outlets,VoucherNo_val_422,Amount_val_422,TaxRate_val_422,Date_val_422
423,Bluecrest Retail Outlets,VoucherNo_val_423,Amount_val_423,TaxRate_val_423,Date_val_423
424,Bluecrest Retail Outlets,VoucherNo_val_424,Amount_val_424,TaxRate_val_424,Date_val_424
425,Bluecrest Retail Outlets,VoucherNo_val_425,Amount_val_425,TaxRate_val_425,Date_val_425
426,Bluecrest Retail Outlets,VoucherNo_val_426,Amount_val_426,TaxRate_val_426,Date_val_426
427,Bluecrest Retail Outlets,VoucherNo_val_427,Amount_val_427,TaxRate_val_427,Date_val_427
428,Bluecrest Retail Outlets,VoucherNo_val_428,Amount_val_428,TaxRate_val_428,Date_val_428
429,Bluecrest Retail Outlets,VoucherNo_val_429,Amount_val_429,TaxRate_val_429,Date_val_429
430,Bluecrest Retail Outlets,VoucherNo_val_430,Amount_val_430,TaxRate_val_430,Date_val_430
431,Bluecrest Retail Outlets,VoucherNo_val_431,Amount_val_431,TaxRate_val_431,Date_val_431
432,Bluecrest Retail Outlets,VoucherNo_val_432,Amount_val_432,TaxRate_val_432,Date_val_432
433,Bluecrest Retail Outlets,VoucherNo_val_433,Amount_val_433,TaxRate_val_433,Date_val_433
434,Bluecrest Retail Outlets,VoucherNo_val_434,Amount_val_434,TaxRate_val_434,Date_val_434
435,Bluecrest Retail Outlets,VoucherNo_val_435,Amount_val_435,TaxRate_val_435,Date_val_435
436,Bluecrest Retail Outlets,VoucherNo_val_436,Amount_val_436,TaxRate_val_436,Date_val_436
437,Bluecrest Retail Outlets,VoucherNo_val_437,Amount_val_437,TaxRate_val_437,Date_val_437
438,Bluecrest Retail Outlets,VoucherNo_val_438,Amount_val_438,TaxRate_val_438,Date_val_438
439,Bluecrest Retail Outlets,VoucherNo_val_439,Amount_val_439,TaxRate_val_439,Date_val_439
440,Bluecrest Retail Outlets,VoucherNo_val_440,Amount_val_440,TaxRate_val_440,Date_val_440
441,Bluecrest Retail Outlets,VoucherNo_val_441,Amount_val_441,TaxRate_val_441,Date_val_441
442,Bluecrest Retail Outlets,VoucherNo_val_442,Amount_val_442,TaxRate_val_442,Date_val_442
443,Bluecrest Retail Outlets,VoucherNo_val_443,Amount_val_443,TaxRate_val_443,Date_val_443
444,Bluecrest Retail Outlets,VoucherNo_val_444,Amount_val_444,TaxRate_val_444,Date_val_444
445,Bluecrest Retail Outlets,VoucherNo_val_445,Amount_val_445,TaxRate_val_445,Date_val_445
446,Bluecrest Retail Outlets,VoucherNo_val_446,Amount_val_446,TaxRate_val_446,Date_val_446
447,Bluecrest Retail Outlets,VoucherNo_val_447,Amount_val_447,TaxRate_val_447,Date_val_447
448,Bluecrest Retail Outlets,VoucherNo_val_448,Amount_val_448,TaxRate_val_448,Date_val_448
449,Bluecrest Retail Outlets,VoucherNo_val_449,Amount_val_449,TaxRate_val_449,Date_val_449
450,Bluecrest Retail Outlets,VoucherNo_val_450,Amount_val_450,TaxRate_val_450,Date_val_450
451,Bluecrest Retail Outlets,VoucherNo_val_451,Amount_val_451,TaxRate_val_451,Date_val_451
452,Bluecrest Retail Outlets,VoucherNo_val_452,Amount_val_452,TaxRate_val_452,Date_val_452
453,Bluecrest Retail Outlets,VoucherNo_val_453,Amount_val_453,TaxRate_val_453,Date_val_453
454,Bluecrest Retail Outlets,VoucherNo_val_454,Amount_val_454,TaxRate_val_454,Date_val_454
455,Bluecrest Retail Outlets,VoucherNo_val_455,Amount_val_455,TaxRate_val_455,Date_val_455
456,Bluecrest Retail Outlets,VoucherNo_val_456,Amount_val_456,TaxRate_val_456,Date_val_456
457,Bluecrest Retail Outlets,VoucherNo_val_457,Amount_val_457,TaxRate_val_457,Date_val_457
458,Bluecrest Retail Outlets,VoucherNo_val_458,Amount_val_458,TaxRate_val_458,Date_val_458
459,Bluecrest Retail Outlets,VoucherNo_val_459,Amount_val_459,TaxRate_val_459,Date_val_459
460,Bluecrest Retail Outlets,VoucherNo_val_460,Amount_val_460,TaxRate_val_460,Date_val_460
461,Bluecrest Retail Outlets,VoucherNo_val_461,Amount_val_461,TaxRate_val_461,Date_val_461
462,Bluecrest Retail Outlets,VoucherNo_val_462,Amount_val_462,TaxRate_val_462,Date_val_462
463,Bluecrest Retail Outlets,VoucherNo_val_463,Amount_val_463,TaxRate_val_463,Date_val_463
464,Bluecrest Retail Outlets,VoucherNo_val_464,Amount_val_464,TaxRate_val_464,Date_val_464
465,Bluecrest Retail Outlets,VoucherNo_val_465,Amount_val_465,TaxRate_val_465,Date_val_465
466,Bluecrest Retail Outlets,VoucherNo_val_466,Amount_val_466,TaxRate_val_466,Date_val_466
467,Bluecrest Retail Outlets,VoucherNo_val_467,Amount_val_467,TaxRate_val_467,Date_val_467
468,Bluecrest Retail Outlets,VoucherNo_val_468,Amount_val_468,TaxRate_val_468,Date_val_468
469,Bluecrest Retail Outlets,VoucherNo_val_469,Amount_val_469,TaxRate_val_469,Date_val_469
470,Bluecrest Retail Outlets,VoucherNo_val_470,Amount_val_470,TaxRate_val_470,Date_val_470
471,Bluecrest Retail Outlets,VoucherNo_val_471,Amount_val_471,TaxRate_val_471,Date_val_471
472,Bluecrest Retail Outlets,VoucherNo_val_472,Amount_val_472,TaxRate_val_472,Date_val_472
473,Bluecrest Retail Outlets,VoucherNo_val_473,Amount_val_473,TaxRate_val_473,Date_val_473
474,Bluecrest Retail Outlets,VoucherNo_val_474,Amount_val_474,TaxRate_val_474,Date_val_474
475,Bluecrest Retail Outlets,VoucherNo_val_475,Amount_val_475,TaxRate_val_475,Date_val_475
476,Bluecrest Retail Outlets,VoucherNo_val_476,Amount_val_476,TaxRate_val_476,Date_val_476
477,Bluecrest Retail Outlets,VoucherNo_val_477,Amount_val_477,TaxRate_val_477,Date_val_477
478,Bluecrest Retail Outlets,VoucherNo_val_478,Amount_val_478,TaxRate_val_478,Date_val_478
479,Bluecrest Retail Outlets,VoucherNo_val_479,Amount_val_479,TaxRate_val_479,Date_val_479
480,Bluecrest Retail Outlets,VoucherNo_val_480,Amount_val_480,TaxRate_val_480,Date_val_480
481,Bluecrest Retail Outlets,VoucherNo_val_481,Amount_val_481,TaxRate_val_481,Date_val_481
482,Bluecrest Retail Outlets,VoucherNo_val_482,Amount_val_482,TaxRate_val_482,Date_val_482
483,Bluecrest Retail Outlets,VoucherNo_val_483,Amount_val_483,TaxRate_val_483,Date_val_483
484,Bluecrest Retail Outlets,VoucherNo_val_484,Amount_val_484,TaxRate_val_484,Date_val_484
485,Bluecrest Retail Outlets,VoucherNo_val_485,Amount_val_485,TaxRate_val_485,Date_val_485
486,Bluecrest Retail Outlets,VoucherNo_val_486,Amount_val_486,TaxRate_val_486,Date_val_486
487,Bluecrest Retail Outlets,VoucherNo_val_487,Amount_val_487,TaxRate_val_487,Date_val_487
488,Bluecrest Retail Outlets,VoucherNo_val_488,Amount_val_488,TaxRate_val_488,Date_val_488
489,Bluecrest Retail Outlets,VoucherNo_val_489,Amount_val_489,TaxRate_val_489,Date_val_489
490,Bluecrest Retail Outlets,VoucherNo_val_490,Amount_val_490,TaxRate_val_490,Date_val_490
491,Bluecrest Retail Outlets,VoucherNo_val_491,Amount_val_491,TaxRate_val_491,Date_val_491
492,Bluecrest Retail Outlets,VoucherNo_val_492,Amount_val_492,TaxRate_val_492,Date_val_492
493,Bluecrest Retail Outlets,VoucherNo_val_493,Amount_val_493,TaxRate_val_493,Date_val_493
494,Bluecrest Retail Outlets,VoucherNo_val_494,Amount_val_494,TaxRate_val_494,Date_val_494
495,Bluecrest Retail Outlets,VoucherNo_val_495,Amount_val_495,TaxRate_val_495,Date_val_495
496,Bluecrest Retail Outlets,VoucherNo_val_496,Amount_val_496,TaxRate_val_496,Date_val_496
497,Bluecrest Retail Outlets,VoucherNo_val_497,Amount_val_497,TaxRate_val_497,Date_val_497
498,Bluecrest Retail Outlets,VoucherNo_val_498,Amount_val_498,TaxRate_val_498,Date_val_498
499,Bluecrest Retail Outlets,VoucherNo_val_499,Amount_val_499,TaxRate_val_499,Date_val_499
500,Bluecrest Retail Outlets,VoucherNo_val_500,Amount_val_500,TaxRate_val_500,Date_val_500