RecordID,TransactionDate,PartyName,GSTIN,Amount,TaxRate,BranchCode
Val-RecordID-1,Val-TransactionDate-1,Val-PartyName-1,Val-GSTIN-1,Val-Amount-1,Val-TaxRate-1,Val-BranchCode-1
Val-RecordID-2,Val-TransactionDate-2,Val-PartyName-2,Val-GSTIN-2,Val-Amount-2,Val-TaxRate-2,Val-BranchCode-2
Val-RecordID-3,Val-TransactionDate-3,Val-PartyName-3,Val-GSTIN-3,Val-Amount-3,Val-TaxRate-3,Val-BranchCode-3
Val-RecordID-4,Val-TransactionDate-4,Val-PartyName-4,Val-GSTIN-4,Val-Amount-4,Val-TaxRate-4,Val-BranchCode-4
Val-RecordID-5,Val-TransactionDate-5,Val-PartyName-5,Val-GSTIN-5,Val-Amount-5,Val-TaxRate-5,Val-BranchCode-5
Val-RecordID-6,Val-TransactionDate-6,Val-PartyName-6,Val-GSTIN-6,Val-Amount-6,Val-TaxRate-6,Val-BranchCode-6
Val-RecordID-7,Val-TransactionDate-7,Val-PartyName-7,Val-GSTIN-7,Val-Amount-7,Val-TaxRate-7,Val-BranchCode-7
Val-RecordID-8,Val-TransactionDate-8,Val-PartyName-8,Val-GSTIN-8,Val-Amount-8,Val-TaxRate-8,Val-BranchCode-8
Val-RecordID-9,Val-TransactionDate-9,Val-PartyName-9,Val-GSTIN-9,Val-Amount-9,Val-TaxRate-9,Val-BranchCode-9
Val-RecordID-10,Val-TransactionDate-10,Val-PartyName-10,Val-GSTIN-10,Val-Amount-10,Val-TaxRate-10,Val-BranchCode-10
Val-RecordID-11,Val-TransactionDate-11,Val-PartyName-11,Val-GSTIN-11,Val-Amount-11,Val-TaxRate-11,Val-BranchCode-11
Val-RecordID-12,Val-TransactionDate-12,Val-PartyName-12,Val-GSTIN-12,Val-Amount-12,Val-TaxRate-12,Val-BranchCode-12
Val-RecordID-13,Val-TransactionDate-13,Val-PartyName-13,Val-GSTIN-13,Val-Amount-13,Val-TaxRate-13,Val-BranchCode-13
Val-RecordID-14,Val-TransactionDate-14,Val-PartyName-14,Val-GSTIN-14,Val-Amount-14,Val-TaxRate-14,Val-BranchCode-14
Val-RecordID-15,Val-TransactionDate-15,Val-PartyName-15,Val-GSTIN-15,Val-Amount-15,Val-TaxRate-15,Val-BranchCode-15
Val-RecordID-16,Val-TransactionDate-16,Val-PartyName-16,Val-GSTIN-16,Val-Amount-16,Val-TaxRate-16,Val-BranchCode-16
Val-RecordID-17,Val-TransactionDate-17,Val-PartyName-17,Val-GSTIN-17,Val-Amount-17,Val-TaxRate-17,Val-BranchCode-17
Val-RecordID-18,Val-TransactionDate-18,Val-PartyName-18,Val-GSTIN-18,Val-Amount-18,Val-TaxRate-18,Val-BranchCode-18
Val-RecordID-19,Val-TransactionDate-19,Val-PartyName-19,Val-GSTIN-19,Val-Amount-19,Val-TaxRate-19,Val-BranchCode-19
Val-RecordID-20,Val-TransactionDate-20,Val-PartyName-20,Val-GSTIN-20,Val-Amount-20,Val-TaxRate-20,Val-BranchCode-20
Val-RecordID-21,Val-TransactionDate-21,Val-PartyName-21,Val-GSTIN-21,Val-Amount-21,Val-TaxRate-21,Val-BranchCode-21
Val-RecordID-22,Val-TransactionDate-22,Val-PartyName-22,Val-GSTIN-22,Val-Amount-22,Val-TaxRate-22,Val-BranchCode-22
Val-RecordID-23,Val-TransactionDate-23,Val-PartyName-23,Val-GSTIN-23,Val-Amount-23,Val-TaxRate-23,Val-BranchCode-23
Val-RecordID-24,Val-TransactionDate-24,Val-PartyName-24,Val-GSTIN-24,Val-Amount-24,Val-TaxRate-24,Val-BranchCode-24
Val-RecordID-25,Val-TransactionDate-25,Val-PartyName-25,Val-GSTIN-25,Val-Amount-25,Val-TaxRate-25,Val-BranchCode-25
Val-RecordID-26,Val-TransactionDate-26,Val-PartyName-26,Val-GSTIN-26,Val-Amount-26,Val-TaxRate-26,Val-BranchCode-26
Val-RecordID-27,Val-TransactionDate-27,Val-PartyName-27,Val-GSTIN-27,Val-Amount-27,Val-TaxRate-27,Val-BranchCode-27
Val-RecordID-28,Val-TransactionDate-28,Val-PartyName-28,Val-GSTIN-28,Val-Amount-28,Val-TaxRate-28,Val-BranchCode-28
Val-RecordID-29,Val-TransactionDate-29,Val-PartyName-29,Val-GSTIN-29,Val-Amount-29,Val-TaxRate-29,Val-BranchCode-29
Val-RecordID-30,Val-TransactionDate-30,Val-PartyName-30,Val-GSTIN-30,Val-Amount-30,Val-TaxRate-30,Val-BranchCode-30
Val-RecordID-31,Val-TransactionDate-31,Val-PartyName-31,Val-GSTIN-31,Val-Amount-31,Val-TaxRate-31,Val-BranchCode-31
Val-RecordID-32,Val-TransactionDate-32,Val-PartyName-32,Val-GSTIN-32,Val-Amount-32,Val-TaxRate-32,Val-BranchCode-32
Val-RecordID-33,Val-TransactionDate-33,Val-PartyName-33,Val-GSTIN-33,Val-Amount-33,Val-TaxRate-33,Val-BranchCode-33
Val-RecordID-34,Val-TransactionDate-34,Val-PartyName-34,Val-GSTIN-34,Val-Amount-34,Val-TaxRate-34,Val-BranchCode-34
Val-RecordID-35,Val-TransactionDate-35,Val-PartyName-35,Val-GSTIN-35,Val-Amount-35,Val-TaxRate-35,Val-BranchCode-35
Val-RecordID-36,Val-TransactionDate-36,Val-PartyName-36,Val-GSTIN-36,Val-Amount-36,Val-TaxRate-36,Val-BranchCode-36
Val-RecordID-37,Val-TransactionDate-37,Val-PartyName-37,Val-GSTIN-37,Val-Amount-37,Val-TaxRate-37,Val-BranchCode-37
Val-RecordID-38,Val-TransactionDate-38,Val-PartyName-38,Val-GSTIN-38,Val-Amount-38,Val-TaxRate-38,Val-BranchCode-38
Val-RecordID-39,Val-TransactionDate-39,Val-PartyName-39,Val-GSTIN-39,Val-Amount-39,Val-TaxRate-39,Val-BranchCode-39
Val-RecordID-40,Val-TransactionDate-40,Val-PartyName-40,Val-GSTIN-40,Val-Amount-40,Val-TaxRate-40,Val-BranchCode-40
Val-RecordID-41,Val-TransactionDate-41,Val-PartyName-41,Val-GSTIN-41,Val-Amount-41,Val-TaxRate-41,Val-BranchCode-41
Val-RecordID-42,Val-TransactionDate-42,Val-PartyName-42,Val-GSTIN-42,Val-Amount-42,Val-TaxRate-42,Val-BranchCode-42
Val-RecordID-43,Val-TransactionDate-43,Val-PartyName-43,Val-GSTIN-43,Val-Amount-43,Val-TaxRate-43,Val-BranchCode-43
Val-RecordID-44,Val-TransactionDate-44,Val-PartyName-44,Val-GSTIN-44,Val-Amount-44,Val-TaxRate-44,Val-BranchCode-44
Val-RecordID-45,Val-TransactionDate-45,Val-PartyName-45,Val-GSTIN-45,Val-Amount-45,Val-TaxRate-45,Val-BranchCode-45
Val-RecordID-46,Val-TransactionDate-46,Val-PartyName-46,Val-GSTIN-46,Val-Amount-46,Val-TaxRate-46,Val-BranchCode-46
Val-RecordID-47,Val-TransactionDate-47,Val-PartyName-47,Val-GSTIN-47,Val-Amount-47,Val-TaxRate-47,Val-BranchCode-47
Val-RecordID-48,Val-TransactionDate-48,Val-PartyName-48,Val-GSTIN-48,Val-Amount-48,Val-TaxRate-48,Val-BranchCode-48
Val-RecordID-49,Val-TransactionDate-49,Val-PartyName-49,Val-GSTIN-49,Val-Amount-49,Val-TaxRate-49,Val-BranchCode-49
Val-RecordID-50,Val-TransactionDate-50,Val-PartyName-50,Val-GSTIN-50,Val-Amount-50,Val-TaxRate-50,Val-BranchCode-50
Val-RecordID-51,Val-TransactionDate-51,Val-PartyName-51,Val-GSTIN-51,Val-Amount-51,Val-TaxRate-51,Val-BranchCode-51
Val-RecordID-52,Val-TransactionDate-52,Val-PartyName-52,Val-GSTIN-52,Val-Amount-52,Val-TaxRate-52,Val-BranchCode-52
Val-RecordID-53,Val-TransactionDate-53,Val-PartyName-53,Val-GSTIN-53,Val-Amount-53,Val-TaxRate-53,Val-BranchCode-53
Val-RecordID-54,Val-TransactionDate-54,Val-PartyName-54,Val-GSTIN-54,Val-Amount-54,Val-TaxRate-54,Val-BranchCode-54
Val-RecordID-55,Val-TransactionDate-55,Val-PartyName-55,Val-GSTIN-55,Val-Amount-55,Val-TaxRate-55,Val-BranchCode-55
Val-RecordID-56,Val-TransactionDate-56,Val-PartyName-56,Val-GSTIN-56,Val-Amount-56,Val-TaxRate-56,Val-BranchCode-56
Val-RecordID-57,Val-TransactionDate-57,Val-PartyName-57,Val-GSTIN-57,Val-Amount-57,Val-TaxRate-57,Val-BranchCode-57
Val-RecordID-58,Val-TransactionDate-58,Val-PartyName-58,Val-GSTIN-58,Val-Amount-58,Val-TaxRate-58,Val-BranchCode-58
Val-RecordID-59,Val-TransactionDate-59,Val-PartyName-59,Val-GSTIN-59,Val-Amount-59,Val-TaxRate-59,Val-BranchCode-59
Val-RecordID-60,Val-TransactionDate-60,Val-PartyName-60,Val-GSTIN-60,Val-Amount-60,Val-TaxRate-60,Val-BranchCode-60
Val-RecordID-61,Val-TransactionDate-61,Val-PartyName-61,Val-GSTIN-61,Val-Amount-61,Val-TaxRate-61,Val-BranchCode-61
Val-RecordID-62,Val-TransactionDate-62,Val-PartyName-62,Val-GSTIN-62,Val-Amount-62,Val-TaxRate-62,Val-BranchCode-62
Val-RecordID-63,Val-TransactionDate-63,Val-PartyName-63,Val-GSTIN-63,Val-Amount-63,Val-TaxRate-63,Val-BranchCode-63
Val-RecordID-64,Val-TransactionDate-64,Val-PartyName-64,Val-GSTIN-64,Val-Amount-64,Val-TaxRate-64,Val-BranchCode-64
Val-RecordID-65,Val-TransactionDate-65,Val-PartyName-65,Val-GSTIN-65,Val-Amount-65,Val-TaxRate-65,Val-BranchCode-65
Val-RecordID-66,Val-TransactionDate-66,Val-PartyName-66,Val-GSTIN-66,Val-Amount-66,Val-TaxRate-66,Val-BranchCode-66
Val-RecordID-67,Val-TransactionDate-67,Val-PartyName-67,Val-GSTIN-67,Val-Amount-67,Val-TaxRate-67,Val-BranchCode-67
Val-RecordID-68,Val-TransactionDate-68,Val-PartyName-68,Val-GSTIN-68,Val-Amount-68,Val-TaxRate-68,Val-BranchCode-68
Val-RecordID-69,Val-TransactionDate-69,Val-PartyName-69,Val-GSTIN-69,Val-Amount-69,Val-TaxRate-69,Val-BranchCode-69
Val-RecordID-70,Val-TransactionDate-70,Val-PartyName-70,Val-GSTIN-70,Val-Amount-70,Val-TaxRate-70,Val-BranchCode-70
Val-RecordID-71,Val-TransactionDate-71,Val-PartyName-71,Val-GSTIN-71,Val-Amount-71,Val-TaxRate-71,Val-BranchCode-71
Val-RecordID-72,Val-TransactionDate-72,Val-PartyName-72,Val-GSTIN-72,Val-Amount-72,Val-TaxRate-72,Val-BranchCode-72
Val-RecordID-73,Val-TransactionDate-73,Val-PartyName-73,Val-GSTIN-73,Val-Amount-73,Val-TaxRate-73,Val-BranchCode-73
Val-RecordID-74,Val-TransactionDate-74,Val-PartyName-74,Val-GSTIN-74,Val-Amount-74,Val-TaxRate-74,Val-BranchCode-74
Val-RecordID-75,Val-TransactionDate-75,Val-PartyName-75,Val-GSTIN-75,Val-Amount-75,Val-TaxRate-75,Val-BranchCode-75
Val-RecordID-76,Val-TransactionDate-76,Val-PartyName-76,Val-GSTIN-76,Val-Amount-76,Val-TaxRate-76,Val-BranchCode-76
Val-RecordID-77,Val-TransactionDate-77,Val-PartyName-77,Val-GSTIN-77,Val-Amount-77,Val-TaxRate-77,Val-BranchCode-77
Val-RecordID-78,Val-TransactionDate-78,Val-PartyName-78,Val-GSTIN-78,Val-Amount-78,Val-TaxRate-78,Val-BranchCode-78
Val-RecordID-79,Val-TransactionDate-79,Val-PartyName-79,Val-GSTIN-79,Val-Amount-79,Val-TaxRate-79,Val-BranchCode-79
Val-RecordID-80,Val-TransactionDate-80,Val-PartyName-80,Val-GSTIN-80,Val-Amount-80,Val-TaxRate-80,Val-BranchCode-80
Val-RecordID-81,Val-TransactionDate-81,Val-PartyName-81,Val-GSTIN-81,Val-Amount-81,Val-TaxRate-81,Val-BranchCode-81
Val-RecordID-82,Val-TransactionDate-82,Val-PartyName-82,Val-GSTIN-82,Val-Amount-82,Val-TaxRate-82,Val-BranchCode-82
Val-RecordID-83,Val-TransactionDate-83,Val-PartyName-83,Val-GSTIN-83,Val-Amount-83,Val-TaxRate-83,Val-BranchCode-83
Val-RecordID-84,Val-TransactionDate-84,Val-PartyName-84,Val-GSTIN-84,Val-Amount-84,Val-TaxRate-84,Val-BranchCode-84
Val-RecordID-85,Val-TransactionDate-85,Val-PartyName-85,Val-GSTIN-85,Val-Amount-85,Val-TaxRate-85,Val-BranchCode-85
Val-RecordID-86,Val-TransactionDate-86,Val-PartyName-86,Val-GSTIN-86,Val-Amount-86,Val-TaxRate-86,Val-BranchCode-86
Val-RecordID-87,Val-TransactionDate-87,Val-PartyName-87,Val-GSTIN-87,Val-Amount-87,Val-TaxRate-87,Val-BranchCode-87
Val-RecordID-88,Val-TransactionDate-88,Val-PartyName-88,Val-GSTIN-88,Val-Amount-88,Val-TaxRate-88,Val-BranchCode-88
Val-RecordID-89,Val-TransactionDate-89,Val-PartyName-89,Val-GSTIN-89,Val-Amount-89,Val-TaxRate-89,Val-BranchCode-89
Val-RecordID-90,Val-TransactionDate-90,Val-PartyName-90,Val-GSTIN-90,Val-Amount-90,Val-TaxRate-90,Val-BranchCode-90
Val-RecordID-91,Val-TransactionDate-91,Val-PartyName-91,Val-GSTIN-91,Val-Amount-91,Val-TaxRate-91,Val-BranchCode-91
Val-RecordID-92,Val-TransactionDate-92,Val-PartyName-92,Val-GSTIN-92,Val-Amount-92,Val-TaxRate-92,Val-BranchCode-92
Val-RecordID-93,Val-TransactionDate-93,Val-PartyName-93,Val-GSTIN-93,Val-Amount-93,Val-TaxRate-93,Val-BranchCode-93
Val-RecordID-94,Val-TransactionDate-94,Val-PartyName-94,Val-GSTIN-94,Val-Amount-94,Val-TaxRate-94,Val-BranchCode-94
Val-RecordID-95,Val-TransactionDate-95,Val-PartyName-95,Val-GSTIN-95,Val-Amount-95,Val-TaxRate-95,Val-BranchCode-95
Val-RecordID-96,Val-TransactionDate-96,Val-PartyName-96,Val-GSTIN-96,Val-Amount-96,Val-TaxRate-96,Val-BranchCode-96
Val-RecordID-97,Val-TransactionDate-97,Val-PartyName-97,Val-GSTIN-97,Val-Amount-97,Val-TaxRate-97,Val-BranchCode-97
Val-RecordID-98,Val-TransactionDate-98,Val-PartyName-98,Val-GSTIN-98,Val-Amount-98,Val-TaxRate-98,Val-BranchCode-98
Val-RecordID-99,Val-TransactionDate-99,Val-PartyName-99,Val-GSTIN-99,Val-Amount-99,Val-TaxRate-99,Val-BranchCode-99
Val-RecordID-100,Val-TransactionDate-100,Val-PartyName-100,Val-GSTIN-100,Val-Amount-100,Val-TaxRate-100,Val-BranchCode-100