Company,ID,Date,Amount
Horizon Hospitality Group,ID_1,Date_1,Amount_1
Horizon Hospitality Group,ID_2,Date_2,Amount_2
Horizon Hospitality Group,ID_3,Date_3,Amount_3
Horizon Hospitality Group,ID_4,Date_4,Amount_4
Horizon Hospitality Group,ID_5,Date_5,Amount_5
Horizon Hospitality Group,ID_6,Date_6,Amount_6
Horizon Hospitality Group,ID_7,Date_7,Amount_7
Horizon Hospitality Group,ID_8,Date_8,Amount_8
Horizon Hospitality Group,ID_9,Date_9,Amount_9
Horizon Hospitality Group,ID_10,Date_10,Amount_10
Horizon Hospitality Group,ID_11,Date_11,Amount_11
Horizon Hospitality Group,ID_12,Date_12,Amount_12
Horizon Hospitality Group,ID_13,Date_13,Amount_13
Horizon Hospitality Group,ID_14,Date_14,Amount_14
Horizon Hospitality Group,ID_15,Date_15,Amount_15
Horizon Hospitality Group,ID_16,Date_16,Amount_16
Horizon Hospitality Group,ID_17,Date_17,Amount_17
Horizon Hospitality Group,ID_18,Date_18,Amount_18
Horizon Hospitality Group,ID_19,Date_19,Amount_19
Horizon Hospitality Group,ID_20,Date_20,Amount_20
Horizon Hospitality Group,ID_21,Date_21,Amount_21
Horizon Hospitality Group,ID_22,Date_22,Amount_22
Horizon Hospitality Group,ID_23,Date_23,Amount_23
Horizon Hospitality Group,ID_24,Date_24,Amount_24
Horizon Hospitality Group,ID_25,Date_25,Amount_25
Horizon Hospitality Group,ID_26,Date_26,Amount_26
Horizon Hospitality Group,ID_27,Date_27,Amount_27
Horizon Hospitality Group,ID_28,Date_28,Amount_28
Horizon Hospitality Group,ID_29,Date_29,Amount_29
Horizon Hospitality Group,ID_30,Date_30,Amount_30
Horizon Hospitality Group,ID_31,Date_31,Amount_31
Horizon Hospitality Group,ID_32,Date_32,Amount_32
Horizon Hospitality Group,ID_33,Date_33,Amount_33
Horizon Hospitality Group,ID_34,Date_34,Amount_34
Horizon Hospitality Group,ID_35,Date_35,Amount_35
Horizon Hospitality Group,ID_36,Date_36,Amount_36
Horizon Hospitality Group,ID_37,Date_37,Amount_37
Horizon Hospitality Group,ID_38,Date_38,Amount_38
Horizon Hospitality Group,ID_39,Date_39,Amount_39
Horizon Hospitality Group,ID_40,Date_40,Amount_40
Horizon Hospitality Group,ID_41,Date_41,Amount_41
Horizon Hospitality Group,ID_42,Date_42,Amount_42
Horizon Hospitality Group,ID_43,Date_43,Amount_43
Horizon Hospitality Group,ID_44,Date_44,Amount_44
Horizon Hospitality Group,ID_45,Date_45,Amount_45
Horizon Hospitality Group,ID_46,Date_46,Amount_46
Horizon Hospitality Group,ID_47,Date_47,Amount_47
Horizon Hospitality Group,ID_48,Date_48,Amount_48
Horizon Hospitality Group,ID_49,Date_49,Amount_49
Horizon Hospitality Group,ID_50,Date_50,Amount_50